<?xml version="1.0"?>
<Runs Version="1" Minor="0">
	<Run Id="base_processing_system7_0_0_synth_1" LaunchDir="D:/workspace/vivado_wk/zynq_dma/zynq_dma.runs/base_processing_system7_0_0_synth_1" FlowId="Vivado_Synthesis" FromStepId="vivado" ToStepId="vivado"/>
	<Run Id="base_axi_dma_0_0_synth_1" LaunchDir="D:/workspace/vivado_wk/zynq_dma/zynq_dma.runs/base_axi_dma_0_0_synth_1" FlowId="Vivado_Synthesis" FromStepId="vivado" ToStepId="vivado"/>
	<Run Id="base_axis_data_fifo_0_0_synth_1" LaunchDir="D:/workspace/vivado_wk/zynq_dma/zynq_dma.runs/base_axis_data_fifo_0_0_synth_1" FlowId="Vivado_Synthesis" FromStepId="vivado" ToStepId="vivado"/>
	<Run Id="base_rst_ps7_0_100M_1_synth_1" LaunchDir="D:/workspace/vivado_wk/zynq_dma/zynq_dma.runs/base_rst_ps7_0_100M_1_synth_1" FlowId="Vivado_Synthesis" FromStepId="vivado" ToStepId="vivado"/>
	<Run Id="base_xbar_0_synth_1" LaunchDir="D:/workspace/vivado_wk/zynq_dma/zynq_dma.runs/base_xbar_0_synth_1" FlowId="Vivado_Synthesis" FromStepId="vivado" ToStepId="vivado"/>
	<Run Id="base_auto_pc_1_synth_1" LaunchDir="D:/workspace/vivado_wk/zynq_dma/zynq_dma.runs/base_auto_pc_1_synth_1" FlowId="Vivado_Synthesis" FromStepId="vivado" ToStepId="vivado"/>
	<Run Id="base_auto_us_0_synth_1" LaunchDir="D:/workspace/vivado_wk/zynq_dma/zynq_dma.runs/base_auto_us_0_synth_1" FlowId="Vivado_Synthesis" FromStepId="vivado" ToStepId="vivado"/>
	<Run Id="base_auto_us_1_synth_1" LaunchDir="D:/workspace/vivado_wk/zynq_dma/zynq_dma.runs/base_auto_us_1_synth_1" FlowId="Vivado_Synthesis" FromStepId="vivado" ToStepId="vivado"/>
	<Run Id="base_auto_pc_0_synth_1" LaunchDir="D:/workspace/vivado_wk/zynq_dma/zynq_dma.runs/base_auto_pc_0_synth_1" FlowId="Vivado_Synthesis" FromStepId="vivado" ToStepId="vivado"/>
	<Run Id="synth_1" LaunchDir="D:/workspace/vivado_wk/zynq_dma/zynq_dma.runs/synth_1" FlowId="Vivado_Synthesis" FromStepId="vivado" ToStepId="vivado">
		<Parent Id="base_processing_system7_0_0_synth_1"/>
		<Parent Id="base_axi_dma_0_0_synth_1"/>
		<Parent Id="base_axis_data_fifo_0_0_synth_1"/>
		<Parent Id="base_rst_ps7_0_100M_1_synth_1"/>
		<Parent Id="base_xbar_0_synth_1"/>
		<Parent Id="base_auto_pc_1_synth_1"/>
		<Parent Id="base_auto_us_0_synth_1"/>
		<Parent Id="base_auto_us_1_synth_1"/>
		<Parent Id="base_auto_pc_0_synth_1"/>
	</Run>
	<Parameters>
		<Parameter Name="runs.monitorLSFJobs" Val="true" Type="bool"/>
		<Parameter Name="runs.enableClusterConf" Val="true" Type="bool"/>
	</Parameters>
</Runs>

