<?xml version="1.0" encoding="UTF-8"?>
<GenRun Id="synth_1" LaunchPart="xc7z035ffg676-2" LaunchTime="1739845221" LaunchIncrCheckpoint="$PPRDIR/../zynq_base/zynq_base.srcs/utils_1/imports/synth_1/base_wrapper.dcp">
  <File Type="PA-TCL" Name="base_wrapper.tcl"/>
  <File Type="RDS-PROPCONSTRS" Name="base_wrapper_drc_synth.rpt"/>
  <File Type="REPORTS-TCL" Name="base_wrapper_reports.tcl"/>
  <File Type="RDS-RDS" Name="base_wrapper.vds"/>
  <File Type="RDS-UTIL" Name="base_wrapper_utilization_synth.rpt"/>
  <File Type="RDS-UTIL-PB" Name="base_wrapper_utilization_synth.pb"/>
  <File Type="RDS-DCP" Name="base_wrapper.dcp"/>
  <File Type="VDS-TIMINGSUMMARY" Name="base_wrapper_timing_summary_synth.rpt"/>
  <File Type="VDS-TIMING-PB" Name="base_wrapper_timing_summary_synth.pb"/>
  <FileSet Name="sources" Type="DesignSrcs" RelSrcDir="$PSRCDIR/sources_1" RelGenDir="$PGENDIR/sources_1">
    <Filter Type="Srcs"/>
    <File Path="$PSRCDIR/sources_1/bd/base/base.bd">
      <FileInfo>
        <Attr Name="ImportPath" Val="$PPRDIR/../zynq_base/zynq_base.srcs/sources_1/bd/base/base.bd"/>
        <Attr Name="ImportTime" Val="1739844406"/>
        <Attr Name="UsedIn" Val="synthesis"/>
        <Attr Name="UsedIn" Val="implementation"/>
        <Attr Name="UsedIn" Val="simulation"/>
      </FileInfo>
    </File>
    <File Path="$PSRCDIR/sources_1/imports/base_wrapper.v">
      <FileInfo>
        <Attr Name="ImportPath" Val="$PPRDIR/../zynq_base/zynq_base.gen/sources_1/bd/base/hdl/base_wrapper.v"/>
        <Attr Name="ImportTime" Val="1739783140"/>
        <Attr Name="UsedIn" Val="synthesis"/>
        <Attr Name="UsedIn" Val="implementation"/>
        <Attr Name="UsedIn" Val="simulation"/>
      </FileInfo>
    </File>
    <Config>
      <Option Name="DesignMode" Val="RTL"/>
      <Option Name="TopModule" Val="base_wrapper"/>
      <Option Name="TopAutoSet" Val="TRUE"/>
    </Config>
  </FileSet>
  <FileSet Name="constrs_in" Type="Constrs" RelSrcDir="$PSRCDIR/constrs_1">
    <Filter Type="Constrs"/>
    <Config>
      <Option Name="ConstrsType" Val="XDC"/>
    </Config>
  </FileSet>
  <FileSet Name="utils" Type="Utils" RelSrcDir="$PSRCDIR/utils_1">
    <Filter Type="Utils"/>
    <File Path="$PPRDIR/../zynq_base/zynq_base.srcs/utils_1/imports/synth_1/base_wrapper.dcp">
      <FileInfo>
        <Attr Name="UsedIn" Val="synthesis"/>
        <Attr Name="UsedIn" Val="implementation"/>
        <Attr Name="UsedInSteps" Val="synth_1"/>
        <Attr Name="AutoDcp" Val="1"/>
      </FileInfo>
    </File>
    <Config>
      <Option Name="TopAutoSet" Val="TRUE"/>
    </Config>
  </FileSet>
  <Strategy Version="1" Minor="2">
    <StratHandle Name="Vivado Synthesis Defaults" Flow="Vivado Synthesis 2022"/>
    <Step Id="synth_design"/>
  </Strategy>
  <BlockFileSet Type="BlockSrcs" Name="base_processing_system7_0_0"/>
  <BlockFileSet Type="BlockSrcs" Name="base_auto_pc_1"/>
  <BlockFileSet Type="BlockSrcs" Name="base_axi_dma_0_0"/>
  <BlockFileSet Type="BlockSrcs" Name="base_axis_data_fifo_0_0"/>
  <BlockFileSet Type="BlockSrcs" Name="base_auto_us_1"/>
  <BlockFileSet Type="BlockSrcs" Name="base_xbar_0"/>
  <BlockFileSet Type="BlockSrcs" Name="base_rst_ps7_0_100M_1"/>
  <BlockFileSet Type="BlockSrcs" Name="base_auto_us_0"/>
  <BlockFileSet Type="BlockSrcs" Name="base_auto_pc_0"/>
</GenRun>
